goal_difference,goals_against,goals_for,losses,ot_losses,source_url,team_name,win_percentage,wins,year
35,264,299,24,,https://www.scrapethissite.com/pages/forms/,Boston Bruins,0.55,44,1990
14,278,292,30,,https://www.scrapethissite.com/pages/forms/,Buffalo Sabres,0.388,31,1990
81,263,344,26,,https://www.scrapethissite.com/pages/forms/,Calgary Flames,0.575,46,1990
73,211,284,23,,https://www.scrapethissite.com/pages/forms/,Chicago Blackhawks,0.613,49,1990
-25,298,273,38,,https://www.scrapethissite.com/pages/forms/,Detroit Red Wings,0.425,34,1990
0,272,272,37,,https://www.scrapethissite.com/pages/forms/,Edmonton Oilers,0.463,37,1990
-38,276,238,38,,https://www.scrapethissite.com/pages/forms/,Hartford Whalers,0.388,31,1990
86,254,340,24,,https://www.scrapethissite.com/pages/forms/,Los Angeles Kings,0.575,46,1990
-10,266,256,39,,https://www.scrapethissite.com/pages/forms/,Minnesota North Stars,0.338,27,1990
24,249,273,30,,https://www.scrapethissite.com/pages/forms/,Montreal Canadiens,0.487,39,1990
8,264,272,33,,https://www.scrapethissite.com/pages/forms/,New Jersey Devils,0.4,32,1990
-67,290,223,45,,https://www.scrapethissite.com/pages/forms/,New York Islanders,0.312,25,1990
32,265,297,31,,https://www.scrapethissite.com/pages/forms/,New York Rangers,0.45,36,1990
-15,267,252,37,,https://www.scrapethissite.com/pages/forms/,Philadelphia Flyers,0.412,33,1990
37,305,342,33,,https://www.scrapethissite.com/pages/forms/,Pittsburgh Penguins,0.512,41,1990
-118,354,236,50,,https://www.scrapethissite.com/pages/forms/,Quebec Nordiques,0.2,16,1990
60,250,310,22,,https://www.scrapethissite.com/pages/forms/,St. Louis Blues,0.588,47,1990
-77,318,241,46,,https://www.scrapethissite.com/pages/forms/,Toronto Maple Leafs,0.287,23,1990
-72,315,243,43,,https://www.scrapethissite.com/pages/forms/,Vancouver Canucks,0.35,28,1990
0,258,258,36,,https://www.scrapethissite.com/pages/forms/,Washington Capitals,0.463,37,1990
-28,288,260,43,,https://www.scrapethissite.com/pages/forms/,Winnipeg Jets,0.325,26,1990
-5,275,270,32,,https://www.scrapethissite.com/pages/forms/,Boston Bruins,0.45,36,1991
-10,299,289,37,,https://www.scrapethissite.com/pages/forms/,Buffalo Sabres,0.388,31,1991
-9,305,296,37,,https://www.scrapethissite.com/pages/forms/,Calgary Flames,0.388,31,1991
21,236,257,29,,https://www.scrapethissite.com/pages/forms/,Chicago Blackhawks,0.45,36,1991
35,264,299,24,,https://www.scrapethissite.com/pages/forms/?page_num=1,Boston Bruins,0.55,44,1990
14,278,292,30,,https://www.scrapethissite.com/pages/forms/?page_num=1,Buffalo Sabres,0.388,31,1990
81,263,344,26,,https://www.scrapethissite.com/pages/forms/?page_num=1,Calgary Flames,0.575,46,1990
73,211,284,23,,https://www.scrapethissite.com/pages/forms/?page_num=1,Chicago Blackhawks,0.613,49,1990
-25,298,273,38,,https://www.scrapethissite.com/pages/forms/?page_num=1,Detroit Red Wings,0.425,34,1990
0,272,272,37,,https://www.scrapethissite.com/pages/forms/?page_num=1,Edmonton Oilers,0.463,37,1990
-38,276,238,38,,https://www.scrapethissite.com/pages/forms/?page_num=1,Hartford Whalers,0.388,31,1990
86,254,340,24,,https://www.scrapethissite.com/pages/forms/?page_num=1,Los Angeles Kings,0.575,46,1990
-10,266,256,39,,https://www.scrapethissite.com/pages/forms/?page_num=1,Minnesota North Stars,0.338,27,1990
24,249,273,30,,https://www.scrapethissite.com/pages/forms/?page_num=1,Montreal Canadiens,0.487,39,1990
8,264,272,33,,https://www.scrapethissite.com/pages/forms/?page_num=1,New Jersey Devils,0.4,32,1990
-67,290,223,45,,https://www.scrapethissite.com/pages/forms/?page_num=1,New York Islanders,0.312,25,1990
32,265,297,31,,https://www.scrapethissite.com/pages/forms/?page_num=1,New York Rangers,0.45,36,1990
-15,267,252,37,,https://www.scrapethissite.com/pages/forms/?page_num=1,Philadelphia Flyers,0.412,33,1990
37,305,342,33,,https://www.scrapethissite.com/pages/forms/?page_num=1,Pittsburgh Penguins,0.512,41,1990
-118,354,236,50,,https://www.scrapethissite.com/pages/forms/?page_num=1,Quebec Nordiques,0.2,16,1990
60,250,310,22,,https://www.scrapethissite.com/pages/forms/?page_num=1,St. Louis Blues,0.588,47,1990
-77,318,241,46,,https://www.scrapethissite.com/pages/forms/?page_num=1,Toronto Maple Leafs,0.287,23,1990
-72,315,243,43,,https://www.scrapethissite.com/pages/forms/?page_num=1,Vancouver Canucks,0.35,28,1990
0,258,258,36,,https://www.scrapethissite.com/pages/forms/?page_num=1,Washington Capitals,0.463,37,1990
-28,288,260,43,,https://www.scrapethissite.com/pages/forms/?page_num=1,Winnipeg Jets,0.325,26,1990
-5,275,270,32,,https://www.scrapethissite.com/pages/forms/?page_num=1,Boston Bruins,0.45,36,1991
-10,299,289,37,,https://www.scrapethissite.com/pages/forms/?page_num=1,Buffalo Sabres,0.388,31,1991
-9,305,296,37,,https://www.scrapethissite.com/pages/forms/?page_num=1,Calgary Flames,0.388,31,1991
21,236,257,29,,https://www.scrapethissite.com/pages/forms/?page_num=1,Chicago Blackhawks,0.45,36,1991
64,256,320,25,,https://www.scrapethissite.com/pages/forms/?page_num=2,Detroit Red Wings,0.537,43,1991
-2,297,295,34,,https://www.scrapethissite.com/pages/forms/?page_num=2,Edmonton Oilers,0.45,36,1991
-36,283,247,41,,https://www.scrapethissite.com/pages/forms/?page_num=2,Hartford Whalers,0.325,26,1991
-9,296,287,31,,https://www.scrapethissite.com/pages/forms/?page_num=2,Los Angeles Kings,0.438,35,1991
-32,278,246,42,,https://www.scrapethissite.com/pages/forms/?page_num=2,Minnesota North Stars,0.4,32,1991
60,207,267,28,,https://www.scrapethissite.com/pages/forms/?page_num=2,Montreal Canadiens,0.512,41,1991
30,259,289,31,,https://www.scrapethissite.com/pages/forms/?page_num=2,New Jersey Devils,0.475,38,1991
-8,299,291,35,,https://www.scrapethissite.com/pages/forms/?page_num=2,New York Islanders,0.425,34,1991
75,246,321,25,,https://www.scrapethissite.com/pages/forms/?page_num=2,New York Rangers,0.625,50,1991
-21,273,252,37,,https://www.scrapethissite.com/pages/forms/?page_num=2,Philadelphia Flyers,0.4,32,1991
35,308,343,32,,https://www.scrapethissite.com/pages/forms/?page_num=2,Pittsburgh Penguins,0.487,39,1991
-63,318,255,48,,https://www.scrapethissite.com/pages/forms/?page_num=2,Quebec Nordiques,0.25,20,1991
-140,359,219,58,,https://www.scrapethissite.com/pages/forms/?page_num=2,San Jose Sharks,0.212,17,1991
13,266,279,33,,https://www.scrapethissite.com/pages/forms/?page_num=2,St. Louis Blues,0.45,36,1991
-60,294,234,43,,https://www.scrapethissite.com/pages/forms/?page_num=2,Toronto Maple Leafs,0.375,30,1991
35,250,285,26,,https://www.scrapethissite.com/pages/forms/?page_num=2,Vancouver Canucks,0.525,42,1991
55,275,330,27,,https://www.scrapethissite.com/pages/forms/?page_num=2,Washington Capitals,0.562,45,1991
7,244,251,32,,https://www.scrapethissite.com/pages/forms/?page_num=2,Winnipeg Jets,0.412,33,1991
64,268,332,26,,https://www.scrapethissite.com/pages/forms/?page_num=2,Boston Bruins,0.607,51,1992
38,297,335,36,,https://www.scrapethissite.com/pages/forms/?page_num=2,Buffalo Sabres,0.452,38,1992
40,282,322,30,,https://www.scrapethissite.com/pages/forms/?page_num=2,Calgary Flames,0.512,43,1992
49,230,279,25,,https://www.scrapethissite.com/pages/forms/?page_num=2,Chicago Blackhawks,0.56,47,1992
89,280,369,28,,https://www.scrapethissite.com/pages/forms/?page_num=2,Detroit Red Wings,0.56,47,1992
-95,337,242,50,,https://www.scrapethissite.com/pages/forms/?page_num=2,Edmonton Oilers,0.31,26,1992
-85,369,284,52,,https://www.scrapethissite.com/pages/forms/?page_num=2,Hartford Whalers,0.31,26,1992
-2,340,338,35,,https://www.scrapethissite.com/pages/forms/?page_num=3,Los Angeles Kings,0.464,39,1992
-21,293,272,38,,https://www.scrapethissite.com/pages/forms/?page_num=3,Minnesota North Stars,0.429,36,1992
46,280,326,30,,https://www.scrapethissite.com/pages/forms/?page_num=3,Montreal Canadiens,0.571,48,1992
9,299,308,37,,https://www.scrapethissite.com/pages/forms/?page_num=3,New Jersey Devils,0.476,40,1992
38,297,335,37,,https://www.scrapethissite.com/pages/forms/?page_num=3,New York Islanders,0.476,40,1992
-4,308,304,39,,https://www.scrapethissite.com/pages/forms/?page_num=3,New York Rangers,0.405,34,1992
-193,395,202,70,,https://www.scrapethissite.com/pages/forms/?page_num=3,Ottawa Senators,0.119,10,1992
0,319,319,37,,https://www.scrapethissite.com/pages/forms/?page_num=3,Philadelphia Flyers,0.429,36,1992
99,268,367,21,,https://www.scrapethissite.com/pages/forms/?page_num=3,Pittsburgh Penguins,0.667,56,1992
51,300,351,27,,https://www.scrapethissite.com/pages/forms/?page_num=3,Quebec Nordiques,0.56,47,1992
-196,414,218,71,,https://www.scrapethissite.com/pages/forms/?page_num=3,San Jose Sharks,0.131,11,1992
4,278,282,36,,https://www.scrapethissite.com/pages/forms/?page_num=3,St. Louis Blues,0.44,37,1992
-87,332,245,54,,https://www.scrapethissite.com/pages/forms/?page_num=3,Tampa Bay Lightning,0.274,23,1992
47,241,288,29,,https://www.scrapethissite.com/pages/forms/?page_num=3,Toronto Maple Leafs,0.524,44,1992
68,278,346,29,,https://www.scrapethissite.com/pages/forms/?page_num=3,Vancouver Canucks,0.548,46,1992
39,286,325,34,,https://www.scrapethissite.com/pages/forms/?page_num=3,Washington Capitals,0.512,43,1992
2,320,322,37,,https://www.scrapethissite.com/pages/forms/?page_num=3,Winnipeg Jets,0.476,40,1992
-22,251,229,46,,https://www.scrapethissite.com/pages/forms/?page_num=3,Mighty Ducks of Anaheim,0.393,33,1993
37,252,289,29,,https://www.scrapethissite.com/pages/forms/?page_num=3,Boston Bruins,0.5,42,1993
64,218,282,32,,https://www.scrapethissite.com/pages/forms/?page_num=3,Buffalo Sabres,0.512,43,1993
46,256,302,29,,https://www.scrapethissite.com/pages/forms/?page_num=3,Calgary Flames,0.5,42,1993
14,240,254,36,,https://www.scrapethissite.com/pages/forms/?page_num=3,Chicago Blackhawks,0.464,39,1993
21,265,286,29,,https://www.scrapethissite.com/pages/forms/?page_num=3,Dallas Stars,0.5,42,1993
81,275,356,30,,https://www.scrapethissite.com/pages/forms/?page_num=3,Detroit Red Wings,0.548,46,1993
-44,305,261,45,,https://www.scrapethissite.com/pages/forms/?page_num=3,Edmonton Oilers,0.298,25,1993
0,233,233,34,,https://www.scrapethissite.com/pages/forms/?page_num=4,Florida Panthers,0.393,33,1993
-61,288,227,48,,https://www.scrapethissite.com/pages/forms/?page_num=4,Hartford Whalers,0.321,27,1993
-28,322,294,45,,https://www.scrapethissite.com/pages/forms/?page_num=4,Los Angeles Kings,0.321,27,1993
35,248,283,29,,https://www.scrapethissite.com/pages/forms/?page_num=4,Montreal Canadiens,0.488,41,1993
86,220,306,25,,https://www.scrapethissite.com/pages/forms/?page_num=4,New Jersey Devils,0.56,47,1993
18,264,282,36,,https://www.scrapethissite.com/pages/forms/?page_num=4,New York Islanders,0.429,36,1993
68,231,299,24,,https://www.scrapethissite.com/pages/forms/?page_num=4,New York Rangers,0.619,52,1993
-196,397,201,61,,https://www.scrapethissite.com/pages/forms/?page_num=4,Ottawa Senators,0.167,14,1993
-20,314,294,39,,https://www.scrapethissite.com/pages/forms/?page_num=4,Philadelphia Flyers,0.417,35,1993
14,285,299,27,,https://www.scrapethissite.com/pages/forms/?page_num=4,Pittsburgh Penguins,0.524,44,1993
-15,292,277,42,,https://www.scrapethissite.com/pages/forms/?page_num=4,Quebec Nordiques,0.405,34,1993
-13,265,252,35,,https://www.scrapethissite.com/pages/forms/?page_num=4,San Jose Sharks,0.393,33,1993
-13,283,270,33,,https://www.scrapethissite.com/pages/forms/?page_num=4,St. Louis Blues,0.476,40,1993
-27,251,224,43,,https://www.scrapethissite.com/pages/forms/?page_num=4,Tampa Bay Lightning,0.357,30,1993
37,243,280,29,,https://www.scrapethissite.com/pages/forms/?page_num=4,Toronto Maple Leafs,0.512,43,1993
3,276,279,40,,https://www.scrapethissite.com/pages/forms/?page_num=4,Vancouver Canucks,0.488,41,1993
14,263,277,35,,https://www.scrapethissite.com/pages/forms/?page_num=4,Washington Capitals,0.464,39,1993
-99,344,245,51,,https://www.scrapethissite.com/pages/forms/?page_num=4,Winnipeg Jets,0.286,24,1993
-39,164,125,27,,https://www.scrapethissite.com/pages/forms/?page_num=4,Mighty Ducks of Anaheim,0.333,16,1994
23,127,150,18,,https://www.scrapethissite.com/pages/forms/?page_num=4,Boston Bruins,0.562,27,1994
11,119,130,19,,https://www.scrapethissite.com/pages/forms/?page_num=4,Buffalo Sabres,0.458,22,1994
28,135,163,17,,https://www.scrapethissite.com/pages/forms/?page_num=4,Calgary Flames,0.5,24,1994
41,115,156,19,,https://www.scrapethissite.com/pages/forms/?page_num=4,Chicago Blackhawks,0.5,24,1994
1,135,136,23,,https://www.scrapethissite.com/pages/forms/?page_num=4,Dallas Stars,0.354,17,1994
63,117,180,11,,https://www.scrapethissite.com/pages/forms/?page_num=4,Detroit Red Wings,0.688,33,1994
-47,183,136,27,,https://www.scrapethissite.com/pages/forms/?page_num=5,Edmonton Oilers,0.354,17,1994
-12,127,115,22,,https://www.scrapethissite.com/pages/forms/?page_num=5,Florida Panthers,0.417,20,1994
-14,141,127,24,,https://www.scrapethissite.com/pages/forms/?page_num=5,Hartford Whalers,0.396,19,1994
-32,174,142,23,,https://www.scrapethissite.com/pages/forms/?page_num=5,Los Angeles Kings,0.333,16,1994
-23,148,125,23,,https://www.scrapethissite.com/pages/forms/?page_num=5,Montreal Canadiens,0.375,18,1994
15,121,136,18,,https://www.scrapethissite.com/pages/forms/?page_num=5,New Jersey Devils,0.458,22,1994
-32,158,126,28,,https://www.scrapethissite.com/pages/forms/?page_num=5,New York Islanders,0.312,15,1994
5,134,139,23,,https://www.scrapethissite.com/pages/forms/?page_num=5,New York Rangers,0.458,22,1994
-57,174,117,34,,https://www.scrapethissite.com/pages/forms/?page_num=5,Ottawa Senators,0.188,9,1994
18,132,150,16,,https://www.scrapethissite.com/pages/forms/?page_num=5,Philadelphia Flyers,0.583,28,1994
23,158,181,16,,https://www.scrapethissite.com/pages/forms/?page_num=5,Pittsburgh Penguins,0.604,29,1994
51,134,185,13,,https://www.scrapethissite.com/pages/forms/?page_num=5,Quebec Nordiques,0.625,30,1994
-32,161,129,25,,https://www.scrapethissite.com/pages/forms/?page_num=5,San Jose Sharks,0.396,19,1994
43,135,178,15,,https://www.scrapethissite.com/pages/forms/?page_num=5,St. Louis Blues,0.583,28,1994
-24,144,120,28,,https://www.scrapethissite.com/pages/forms/?page_num=5,Tampa Bay Lightning,0.354,17,1994
-11,146,135,19,,https://www.scrapethissite.com/pages/forms/?page_num=5,Toronto Maple Leafs,0.438,21,1994
5,148,153,18,,https://www.scrapethissite.com/pages/forms/?page_num=5,Vancouver Canucks,0.375,18,1994
16,120,136,18,,https://www.scrapethissite.com/pages/forms/?page_num=5,Washington Capitals,0.458,22,1994
-20,177,157,25,,https://www.scrapethissite.com/pages/forms/?page_num=5,Winnipeg Jets,0.333,16,1994
-13,247,234,39,,https://www.scrapethissite.com/pages/forms/?page_num=5,Mighty Ducks of Anaheim,0.427,35,1995
13,269,282,31,,https://www.scrapethissite.com/pages/forms/?page_num=5,Boston Bruins,0.488,40,1995
-15,262,247,42,,https://www.scrapethissite.com/pages/forms/?page_num=5,Buffalo Sabres,0.402,33,1995
1,240,241,37,,https://www.scrapethissite.com/pages/forms/?page_num=5,Calgary Flames,0.415,34,1995
53,220,273,28,,https://www.scrapethissite.com/pages/forms/?page_num=5,Chicago Blackhawks,0.488,40,1995
86,240,326,25,,https://www.scrapethissite.com/pages/forms/?page_num=5,Colorado Avalanche,0.573,47,1995
-53,280,227,42,,https://www.scrapethissite.com/pages/forms/?page_num=6,Dallas Stars,0.317,26,1995
144,181,325,13,,https://www.scrapethissite.com/pages/forms/?page_num=6,Detroit Red Wings,0.756,62,1995
-64,304,240,44,,https://www.scrapethissite.com/pages/forms/?page_num=6,Edmonton Oilers,0.366,30,1995
20,234,254,31,,https://www.scrapethissite.com/pages/forms/?page_num=6,Florida Panthers,0.5,41,1995
-22,259,237,39,,https://www.scrapethissite.com/pages/forms/?page_num=6,Hartford Whalers,0.415,34,1995
-46,302,256,40,,https://www.scrapethissite.com/pages/forms/?page_num=6,Los Angeles Kings,0.293,24,1995
17,248,265,32,,https://www.scrapethissite.com/pages/forms/?page_num=6,Montreal Canadiens,0.488,40,1995
13,202,215,33,,https://www.scrapethissite.com/pages/forms/?page_num=6,New Jersey Devils,0.451,37,1995
-86,315,229,50,,https://www.scrapethissite.com/pages/forms/?page_num=6,New York Islanders,0.268,22,1995
35,237,272,27,,https://www.scrapethissite.com/pages/forms/?page_num=6,New York Rangers,0.5,41,1995
-100,291,191,59,,https://www.scrapethissite.com/pages/forms/?page_num=6,Ottawa Senators,0.22,18,1995
74,208,282,24,,https://www.scrapethissite.com/pages/forms/?page_num=6,Philadelphia Flyers,0.549,45,1995
78,284,362,29,,https://www.scrapethissite.com/pages/forms/?page_num=6,Pittsburgh Penguins,0.598,49,1995
-105,357,252,55,,https://www.scrapethissite.com/pages/forms/?page_num=6,San Jose Sharks,0.244,20,1995
-29,248,219,34,,https://www.scrapethissite.com/pages/forms/?page_num=6,St. Louis Blues,0.39,32,1995
-10,248,238,32,,https://www.scrapethissite.com/pages/forms/?page_num=6,Tampa Bay Lightning,0.463,38,1995
-5,252,247,36,,https://www.scrapethissite.com/pages/forms/?page_num=6,Toronto Maple Leafs,0.415,34,1995
0,278,278,35,,https://www.scrapethissite.com/pages/forms/?page_num=6,Vancouver Canucks,0.39,32,1995
30,204,234,32,,https://www.scrapethissite.com/pages/forms/?page_num=6,Washington Capitals,0.476,39,1995
-16,291,275,40,,https://www.scrapethissite.com/pages/forms/?page_num=6,Winnipeg Jets,0.439,36,1995
12,233,245,33,,https://www.scrapethissite.com/pages/forms/?page_num=6,Mighty Ducks of Anaheim,0.439,36,1996
-66,300,234,47,,https://www.scrapethissite.com/pages/forms/?page_num=6,Boston Bruins,0.317,26,1996
29,208,237,30,,https://www.scrapethissite.com/pages/forms/?page_num=6,Buffalo Sabres,0.488,40,1996
-25,239,214,41,,https://www.scrapethissite.com/pages/forms/?page_num=6,Calgary Flames,0.39,32,1996
13,210,223,35,,https://www.scrapethissite.com/pages/forms/?page_num=6,Chicago Blackhawks,0.415,34,1996
72,205,277,24,,https://www.scrapethissite.com/pages/forms/?page_num=7,Colorado Avalanche,0.598,49,1996
54,198,252,26,,https://www.scrapethissite.com/pages/forms/?page_num=7,Dallas Stars,0.585,48,1996
56,197,253,26,,https://www.scrapethissite.com/pages/forms/?page_num=7,Detroit Red Wings,0.463,38,1996
5,247,252,37,,https://www.scrapethissite.com/pages/forms/?page_num=7,Edmonton Oilers,0.439,36,1996
20,201,221,28,,https://www.scrapethissite.com/pages/forms/?page_num=7,Florida Panthers,0.427,35,1996
-30,256,226,39,,https://www.scrapethissite.com/pages/forms/?page_num=7,Hartford Whalers,0.39,32,1996
-54,268,214,43,,https://www.scrapethissite.com/pages/forms/?page_num=7,Los Angeles Kings,0.341,28,1996
-27,276,249,36,,https://www.scrapethissite.com/pages/forms/?page_num=7,Montreal Canadiens,0.378,31,1996
49,182,231,23,,https://www.scrapethissite.com/pages/forms/?page_num=7,New Jersey Devils,0.549,45,1996
-10,250,240,41,,https://www.scrapethissite.com/pages/forms/?page_num=7,New York Islanders,0.354,29,1996
27,231,258,34,,https://www.scrapethissite.com/pages/forms/?page_num=7,New York Rangers,0.463,38,1996
-8,234,226,36,,https://www.scrapethissite.com/pages/forms/?page_num=7,Ottawa Senators,0.378,31,1996
57,217,274,24,,https://www.scrapethissite.com/pages/forms/?page_num=7,Philadelphia Flyers,0.549,45,1996
-3,243,240,37,,https://www.scrapethissite.com/pages/forms/?page_num=7,Phoenix Coyotes,0.463,38,1996
5,280,285,36,,https://www.scrapethissite.com/pages/forms/?page_num=7,Pittsburgh Penguins,0.463,38,1996
-67,278,211,47,,https://www.scrapethissite.com/pages/forms/?page_num=7,San Jose Sharks,0.329,27,1996
-3,239,236,35,,https://www.scrapethissite.com/pages/forms/?page_num=7,St. Louis Blues,0.439,36,1996
-30,247,217,40,,https://www.scrapethissite.com/pages/forms/?page_num=7,Tampa Bay Lightning,0.39,32,1996
-43,273,230,44,,https://www.scrapethissite.com/pages/forms/?page_num=7,Toronto Maple Leafs,0.366,30,1996
-16,273,257,40,,https://www.scrapethissite.com/pages/forms/?page_num=7,Vancouver Canucks,0.427,35,1996
-17,231,214,40,,https://www.scrapethissite.com/pages/forms/?page_num=7,Washington Capitals,0.402,33,1996
-56,261,205,43,,https://www.scrapethissite.com/pages/forms/?page_num=7,Mighty Ducks of Anaheim,0.317,26,1997
27,194,221,30,,https://www.scrapethissite.com/pages/forms/?page_num=7,Boston Bruins,0.476,39,1997
24,187,211,29,,https://www.scrapethissite.com/pages/forms/?page_num=7,Buffalo Sabres,0.439,36,1997
-35,252,217,41,,https://www.scrapethissite.com/pages/forms/?page_num=7,Calgary Flames,0.317,26,1997
-19,219,200,41,,https://www.scrapethissite.com/pages/forms/?page_num=8,Carolina Hurricanes,0.402,33,1997
-7,199,192,39,,https://www.scrapethissite.com/pages/forms/?page_num=8,Chicago Blackhawks,0.366,30,1997
26,205,231,26,,https://www.scrapethissite.com/pages/forms/?page_num=8,Colorado Avalanche,0.476,39,1997
75,167,242,22,,https://www.scrapethissite.com/pages/forms/?page_num=8,Dallas Stars,0.598,49,1997
54,196,250,23,,https://www.scrapethissite.com/pages/forms/?page_num=8,Detroit Red Wings,0.537,44,1997
-9,224,215,37,,https://www.scrapethissite.com/pages/forms/?page_num=8,Edmonton Oilers,0.427,35,1997
-53,256,203,43,,https://www.scrapethissite.com/pages/forms/?page_num=8,Florida Panthers,0.293,24,1997
2,225,227,33,,https://www.scrapethissite.com/pages/forms/?page_num=8,Los Angeles Kings,0.463,38,1997
27,208,235,32,,https://www.scrapethissite.com/pages/forms/?page_num=8,Montreal Canadiens,0.451,37,1997
59,166,225,23,,https://www.scrapethissite.com/pages/forms/?page_num=8,New Jersey Devils,0.585,48,1997
-13,225,212,41,,https://www.scrapethissite.com/pages/forms/?page_num=8,New York Islanders,0.366,30,1997
-34,231,197,39,,https://www.scrapethissite.com/pages/forms/?page_num=8,New York Rangers,0.305,25,1997
-7,200,193,33,,https://www.scrapethissite.com/pages/forms/?page_num=8,Ottawa Senators,0.415,34,1997
49,193,242,29,,https://www.scrapethissite.com/pages/forms/?page_num=8,Philadelphia Flyers,0.512,42,1997
-3,227,224,35,,https://www.scrapethissite.com/pages/forms/?page_num=8,Phoenix Coyotes,0.427,35,1997
40,188,228,24,,https://www.scrapethissite.com/pages/forms/?page_num=8,Pittsburgh Penguins,0.488,40,1997
-6,216,210,38,,https://www.scrapethissite.com/pages/forms/?page_num=8,San Jose Sharks,0.415,34,1997
52,204,256,29,,https://www.scrapethissite.com/pages/forms/?page_num=8,St. Louis Blues,0.549,45,1997
-118,269,151,55,,https://www.scrapethissite.com/pages/forms/?page_num=8,Tampa Bay Lightning,0.207,17,1997
-43,237,194,43,,https://www.scrapethissite.com/pages/forms/?page_num=8,Toronto Maple Leafs,0.366,30,1997
-49,273,224,43,,https://www.scrapethissite.com/pages/forms/?page_num=8,Vancouver Canucks,0.305,25,1997
17,202,219,30,,https://www.scrapethissite.com/pages/forms/?page_num=8,Washington Capitals,0.488,40,1997
9,206,215,34,,https://www.scrapethissite.com/pages/forms/?page_num=8,Mighty Ducks of Anaheim,0.427,35,1998
33,181,214,30,,https://www.scrapethissite.com/pages/forms/?page_num=8,Boston Bruins,0.476,39,1998
32,175,207,28,,https://www.scrapethissite.com/pages/forms/?page_num=8,Buffalo Sabres,0.451,37,1998
-23,234,211,40,,https://www.scrapethissite.com/pages/forms/?page_num=9,Calgary Flames,0.366,30,1998
8,202,210,30,,https://www.scrapethissite.com/pages/forms/?page_num=9,Carolina Hurricanes,0.415,34,1998
-46,248,202,41,,https://www.scrapethissite.com/pages/forms/?page_num=9,Chicago Blackhawks,0.354,29,1998
34,205,239,28,,https://www.scrapethissite.com/pages/forms/?page_num=9,Colorado Avalanche,0.537,44,1998
68,168,236,19,,https://www.scrapethissite.com/pages/forms/?page_num=9,Dallas Stars,0.622,51,1998
43,202,245,32,,https://www.scrapethissite.com/pages/forms/?page_num=9,Detroit Red Wings,0.524,43,1998
4,226,230,37,,https://www.scrapethissite.com/pages/forms/?page_num=9,Edmonton Oilers,0.402,33,1998
-18,228,210,34,,https://www.scrapethissite.com/pages/forms/?page_num=9,Florida Panthers,0.366,30,1998
-33,222,189,45,,https://www.scrapethissite.com/pages/forms/?page_num=9,Los Angeles Kings,0.39,32,1998
-25,209,184,39,,https://www.scrapethissite.com/pages/forms/?page_num=9,Montreal Canadiens,0.39,32,1998
-71,261,190,47,,https://www.scrapethissite.com/pages/forms/?page_num=9,Nashville Predators,0.341,28,1998
52,196,248,24,,https://www.scrapethissite.com/pages/forms/?page_num=9,New Jersey Devils,0.573,47,1998
-50,244,194,48,,https://www.scrapethissite.com/pages/forms/?page_num=9,New York Islanders,0.293,24,1998
-10,227,217,38,,https://www.scrapethissite.com/pages/forms/?page_num=9,New York Rangers,0.402,33,1998
60,179,239,23,,https://www.scrapethissite.com/pages/forms/?page_num=9,Ottawa Senators,0.537,44,1998
35,196,231,26,,https://www.scrapethissite.com/pages/forms/?page_num=9,Philadelphia Flyers,0.451,37,1998
8,197,205,31,,https://www.scrapethissite.com/pages/forms/?page_num=9,Phoenix Coyotes,0.476,39,1998
17,225,242,30,,https://www.scrapethissite.com/pages/forms/?page_num=9,Pittsburgh Penguins,0.463,38,1998
5,191,196,33,,https://www.scrapethissite.com/pages/forms/?page_num=9,San Jose Sharks,0.378,31,1998
28,209,237,32,,https://www.scrapethissite.com/pages/forms/?page_num=9,St. Louis Blues,0.451,37,1998
-113,292,179,54,,https://www.scrapethissite.com/pages/forms/?page_num=9,Tampa Bay Lightning,0.232,19,1998
37,231,268,30,,https://www.scrapethissite.com/pages/forms/?page_num=9,Toronto Maple Leafs,0.549,45,1998
-66,258,192,47,,https://www.scrapethissite.com/pages/forms/?page_num=9,Vancouver Canucks,0.28,23,1998
-18,218,200,45,,https://www.scrapethissite.com/pages/forms/?page_num=9,Washington Capitals,0.378,31,1998
-10,227,217,33,3,https://www.scrapethissite.com/pages/forms/?page_num=9,Mighty Ducks of Anaheim,0.415,34,1999
-143,313,170,57,4,https://www.scrapethissite.com/pages/forms/?page_num=10,Atlanta Thrashers,0.171,14,1999
-38,248,210,33,6,https://www.scrapethissite.com/pages/forms/?page_num=10,Boston Bruins,0.293,24,1999
9,204,213,32,4,https://www.scrapethissite.com/pages/forms/?page_num=10,Buffalo Sabres,0.427,35,1999
-45,256,211,36,5,https://www.scrapethissite.com/pages/forms/?page_num=10,Calgary Flames,0.378,31,1999
1,216,217,35,0,https://www.scrapethissite.com/pages/forms/?page_num=10,Carolina Hurricanes,0.451,37,1999
-3,245,242,37,2,https://www.scrapethissite.com/pages/forms/?page_num=10,Chicago Blackhawks,0.402,33,1999
32,201,233,28,1,https://www.scrapethissite.com/pages/forms/?page_num=10,Colorado Avalanche,0.512,42,1999
27,184,211,23,6,https://www.scrapethissite.com/pages/forms/?page_num=10,Dallas Stars,0.524,43,1999
68,210,278,22,2,https://www.scrapethissite.com/pages/forms/?page_num=10,Detroit Red Wings,0.585,48,1999
14,212,226,26,8,https://www.scrapethissite.com/pages/forms/?page_num=10,Edmonton Oilers,0.39,32,1999
35,209,244,27,6,https://www.scrapethissite.com/pages/forms/?page_num=10,Florida Panthers,0.524,43,1999
17,228,245,27,4,https://www.scrapethissite.com/pages/forms/?page_num=10,Los Angeles Kings,0.476,39,1999
2,194,196,34,4,https://www.scrapethissite.com/pages/forms/?page_num=10,Montreal Canadiens,0.427,35,1999
-41,240,199,40,7,https://www.scrapethissite.com/pages/forms/?page_num=10,Nashville Predators,0.341,28,1999
48,203,251,24,5,https://www.scrapethissite.com/pages/forms/?page_num=10,New Jersey Devils,0.549,45,1999
-81,275,194,48,1,https://www.scrapethissite.com/pages/forms/?page_num=10,New York Islanders,0.293,24,1999
-28,246,218,38,3,https://www.scrapethissite.com/pages/forms/?page_num=10,New York Rangers,0.354,29,1999
34,210,244,28,2,https://www.scrapethissite.com/pages/forms/?page_num=10,Ottawa Senators,0.5,41,1999
58,179,237,22,3,https://www.scrapethissite.com/pages/forms/?page_num=10,Philadelphia Flyers,0.549,45,1999
4,228,232,31,4,https://www.scrapethissite.com/pages/forms/?page_num=10,Phoenix Coyotes,0.476,39,1999
5,236,241,31,6,https://www.scrapethissite.com/pages/forms/?page_num=10,Pittsburgh Penguins,0.451,37,1999
11,214,225,30,7,https://www.scrapethissite.com/pages/forms/?page_num=10,San Jose Sharks,0.427,35,1999
83,165,248,19,1,https://www.scrapethissite.com/pages/forms/?page_num=10,St. Louis Blues,0.622,51,1999
-106,310,204,47,7,https://www.scrapethissite.com/pages/forms/?page_num=10,Tampa Bay Lightning,0.232,19,1999
24,222,246,27,3,https://www.scrapethissite.com/pages/forms/?page_num=10,Toronto Maple Leafs,0.549,45,1999
-10,237,227,29,8,https://www.scrapethissite.com/pages/forms/?page_num=11,Vancouver Canucks,0.366,30,1999
33,194,227,24,2,https://www.scrapethissite.com/pages/forms/?page_num=11,Washington Capitals,0.537,44,1999
-57,245,188,41,5,https://www.scrapethissite.com/pages/forms/?page_num=11,Mighty Ducks of Anaheim,0.305,25,2000
-78,289,211,45,2,https://www.scrapethissite.com/pages/forms/?page_num=11,Atlanta Thrashers,0.28,23,2000
-22,249,227,30,8,https://www.scrapethissite.com/pages/forms/?page_num=11,Boston Bruins,0.439,36,2000
34,184,218,30,1,https://www.scrapethissite.com/pages/forms/?page_num=11,Buffalo Sabres,0.561,46,2000
-39,236,197,36,4,https://www.scrapethissite.com/pages/forms/?page_num=11,Calgary Flames,0.329,27,2000
-13,225,212,32,3,https://www.scrapethissite.com/pages/forms/?page_num=11,Carolina Hurricanes,0.463,38,2000
-43,233,190,39,6,https://www.scrapethissite.com/pages/forms/?page_num=11,Columbus Blue Jackets,0.341,28,2000
-36,246,210,40,5,https://www.scrapethissite.com/pages/forms/?page_num=11,Chicago Blackhawks,0.354,29,2000
78,192,270,16,4,https://www.scrapethissite.com/pages/forms/?page_num=11,Colorado Avalanche,0.634,52,2000
54,187,241,24,2,https://www.scrapethissite.com/pages/forms/?page_num=11,Dallas Stars,0.585,48,2000
51,202,253,20,4,https://www.scrapethissite.com/pages/forms/?page_num=11,Detroit Red Wings,0.598,49,2000
21,222,243,28,3,https://www.scrapethissite.com/pages/forms/?page_num=11,Edmonton Oilers,0.476,39,2000
-46,246,200,38,9,https://www.scrapethissite.com/pages/forms/?page_num=11,Florida Panthers,0.268,22,2000
24,228,252,28,3,https://www.scrapethissite.com/pages/forms/?page_num=11,Los Angeles Kings,0.463,38,2000
-42,210,168,39,5,https://www.scrapethissite.com/pages/forms/?page_num=11,Minnesota Wild,0.305,25,2000
-26,232,206,40,6,https://www.scrapethissite.com/pages/forms/?page_num=11,Montreal Canadiens,0.341,28,2000
-14,200,186,36,3,https://www.scrapethissite.com/pages/forms/?page_num=11,Nashville Predators,0.415,34,2000
100,195,295,19,3,https://www.scrapethissite.com/pages/forms/?page_num=11,New Jersey Devils,0.585,48,2000
-83,268,185,51,3,https://www.scrapethissite.com/pages/forms/?page_num=11,New York Islanders,0.256,21,2000
-40,290,250,43,1,https://www.scrapethissite.com/pages/forms/?page_num=11,New York Rangers,0.402,33,2000
69,205,274,21,4,https://www.scrapethissite.com/pages/forms/?page_num=11,Ottawa Senators,0.585,48,2000
33,207,240,25,3,https://www.scrapethissite.com/pages/forms/?page_num=11,Philadelphia Flyers,0.524,43,2000
2,212,214,27,3,https://www.scrapethissite.com/pages/forms/?page_num=11,Phoenix Coyotes,0.427,35,2000
25,256,281,28,3,https://www.scrapethissite.com/pages/forms/?page_num=12,Pittsburgh Penguins,0.512,42,2000
25,192,217,27,3,https://www.scrapethissite.com/pages/forms/?page_num=12,San Jose Sharks,0.488,40,2000
54,195,249,22,5,https://www.scrapethissite.com/pages/forms/?page_num=12,St. Louis Blues,0.524,43,2000
-79,280,201,47,5,https://www.scrapethissite.com/pages/forms/?page_num=12,Tampa Bay Lightning,0.293,24,2000
25,207,232,29,5,https://www.scrapethissite.com/pages/forms/?page_num=12,Toronto Maple Leafs,0.451,37,2000
1,238,239,28,7,https://www.scrapethissite.com/pages/forms/?page_num=12,Vancouver Canucks,0.439,36,2000
22,211,233,27,4,https://www.scrapethissite.com/pages/forms/?page_num=12,Washington Capitals,0.5,41,2000
-23,198,175,42,3,https://www.scrapethissite.com/pages/forms/?page_num=12,Mighty Ducks of Anaheim,0.354,29,2001
-101,288,187,47,5,https://www.scrapethissite.com/pages/forms/?page_num=12,Atlanta Thrashers,0.232,19,2001
35,201,236,24,9,https://www.scrapethissite.com/pages/forms/?page_num=12,Boston Bruins,0.524,43,2001
13,200,213,35,1,https://www.scrapethissite.com/pages/forms/?page_num=12,Buffalo Sabres,0.427,35,2001
-19,220,201,35,3,https://www.scrapethissite.com/pages/forms/?page_num=12,Calgary Flames,0.39,32,2001
0,217,217,26,5,https://www.scrapethissite.com/pages/forms/?page_num=12,Carolina Hurricanes,0.427,35,2001
-91,255,164,47,5,https://www.scrapethissite.com/pages/forms/?page_num=12,Columbus Blue Jackets,0.268,22,2001
9,207,216,27,1,https://www.scrapethissite.com/pages/forms/?page_num=12,Chicago Blackhawks,0.5,41,2001
43,169,212,28,1,https://www.scrapethissite.com/pages/forms/?page_num=12,Colorado Avalanche,0.549,45,2001
2,213,215,28,5,https://www.scrapethissite.com/pages/forms/?page_num=12,Dallas Stars,0.439,36,2001
64,187,251,17,4,https://www.scrapethissite.com/pages/forms/?page_num=12,Detroit Red Wings,0.622,51,2001
23,182,205,28,4,https://www.scrapethissite.com/pages/forms/?page_num=12,Edmonton Oilers,0.463,38,2001
-70,250,180,44,6,https://www.scrapethissite.com/pages/forms/?page_num=12,Florida Panthers,0.268,22,2001
24,190,214,27,4,https://www.scrapethissite.com/pages/forms/?page_num=12,Los Angeles Kings,0.488,40,2001
-43,238,195,35,9,https://www.scrapethissite.com/pages/forms/?page_num=12,Minnesota Wild,0.317,26,2001
-2,209,207,31,3,https://www.scrapethissite.com/pages/forms/?page_num=12,Montreal Canadiens,0.439,36,2001
-34,230,196,41,0,https://www.scrapethissite.com/pages/forms/?page_num=12,Nashville Predators,0.341,28,2001
18,187,205,28,4,https://www.scrapethissite.com/pages/forms/?page_num=12,New Jersey Devils,0.5,41,2001
19,220,239,28,4,https://www.scrapethissite.com/pages/forms/?page_num=13,New York Islanders,0.512,42,2001
-31,258,227,38,4,https://www.scrapethissite.com/pages/forms/?page_num=13,New York Rangers,0.439,36,2001
35,208,243,27,7,https://www.scrapethissite.com/pages/forms/?page_num=13,Ottawa Senators,0.476,39,2001
42,192,234,27,3,https://www.scrapethissite.com/pages/forms/?page_num=13,Philadelphia Flyers,0.512,42,2001
18,210,228,27,6,https://www.scrapethissite.com/pages/forms/?page_num=13,Phoenix Coyotes,0.488,40,2001
-51,249,198,41,5,https://www.scrapethissite.com/pages/forms/?page_num=13,Pittsburgh Penguins,0.341,28,2001
49,199,248,27,3,https://www.scrapethissite.com/pages/forms/?page_num=13,San Jose Sharks,0.537,44,2001
39,188,227,27,4,https://www.scrapethissite.com/pages/forms/?page_num=13,St. Louis Blues,0.524,43,2001
-41,219,178,40,4,https://www.scrapethissite.com/pages/forms/?page_num=13,Tampa Bay Lightning,0.329,27,2001
42,207,249,25,4,https://www.scrapethissite.com/pages/forms/?page_num=13,Toronto Maple Leafs,0.524,43,2001
43,211,254,30,3,https://www.scrapethissite.com/pages/forms/?page_num=13,Vancouver Canucks,0.512,42,2001
-12,240,228,33,2,https://www.scrapethissite.com/pages/forms/?page_num=13,Washington Capitals,0.439,36,2001
10,193,203,27,6,https://www.scrapethissite.com/pages/forms/?page_num=13,Mighty Ducks of Anaheim,0.488,40,2002
-58,284,226,39,5,https://www.scrapethissite.com/pages/forms/?page_num=13,Atlanta Thrashers,0.378,31,2002
8,237,245,31,4,https://www.scrapethissite.com/pages/forms/?page_num=13,Boston Bruins,0.439,36,2002
-29,219,190,37,8,https://www.scrapethissite.com/pages/forms/?page_num=13,Buffalo Sabres,0.329,27,2002
-42,228,186,36,4,https://www.scrapethissite.com/pages/forms/?page_num=13,Calgary Flames,0.354,29,2002
-69,240,171,43,6,https://www.scrapethissite.com/pages/forms/?page_num=13,Carolina Hurricanes,0.268,22,2002
-50,263,213,42,3,https://www.scrapethissite.com/pages/forms/?page_num=13,Columbus Blue Jackets,0.354,29,2002
-19,226,207,33,6,https://www.scrapethissite.com/pages/forms/?page_num=13,Chicago Blackhawks,0.366,30,2002
57,194,251,19,8,https://www.scrapethissite.com/pages/forms/?page_num=13,Colorado Avalanche,0.512,42,2002
76,169,245,17,4,https://www.scrapethissite.com/pages/forms/?page_num=13,Dallas Stars,0.561,46,2002
66,203,269,20,4,https://www.scrapethissite.com/pages/forms/?page_num=13,Detroit Red Wings,0.585,48,2002
1,230,231,26,9,https://www.scrapethissite.com/pages/forms/?page_num=13,Edmonton Oilers,0.439,36,2002
-61,237,176,36,9,https://www.scrapethissite.com/pages/forms/?page_num=13,Florida Panthers,0.293,24,2002
-18,221,203,37,6,https://www.scrapethissite.com/pages/forms/?page_num=14,Los Angeles Kings,0.402,33,2002
20,178,198,29,1,https://www.scrapethissite.com/pages/forms/?page_num=14,Minnesota Wild,0.512,42,2002
-28,234,206,35,9,https://www.scrapethissite.com/pages/forms/?page_num=14,Montreal Canadiens,0.366,30,2002
-23,206,183,35,7,https://www.scrapethissite.com/pages/forms/?page_num=14,Nashville Predators,0.329,27,2002
50,166,216,20,6,https://www.scrapethissite.com/pages/forms/?page_num=14,New Jersey Devils,0.561,46,2002
-7,231,224,34,2,https://www.scrapethissite.com/pages/forms/?page_num=14,New York Islanders,0.427,35,2002
-21,231,210,36,4,https://www.scrapethissite.com/pages/forms/?page_num=14,New York Rangers,0.39,32,2002
81,182,263,21,1,https://www.scrapethissite.com/pages/forms/?page_num=14,Ottawa Senators,0.634,52,2002
45,166,211,20,4,https://www.scrapethissite.com/pages/forms/?page_num=14,Philadelphia Flyers,0.549,45,2002
-26,230,204,35,5,https://www.scrapethissite.com/pages/forms/?page_num=14,Phoenix Coyotes,0.378,31,2002
-66,255,189,44,5,https://www.scrapethissite.com/pages/forms/?page_num=14,Pittsburgh Penguins,0.329,27,2002
-25,239,214,37,8,https://www.scrapethissite.com/pages/forms/?page_num=14,San Jose Sharks,0.341,28,2002
31,222,253,24,6,https://www.scrapethissite.com/pages/forms/?page_num=14,St. Louis Blues,0.5,41,2002
9,210,219,25,5,https://www.scrapethissite.com/pages/forms/?page_num=14,Tampa Bay Lightning,0.439,36,2002
28,208,236,28,3,https://www.scrapethissite.com/pages/forms/?page_num=14,Toronto Maple Leafs,0.537,44,2002
56,208,264,23,1,https://www.scrapethissite.com/pages/forms/?page_num=14,Vancouver Canucks,0.549,45,2002
4,220,224,29,6,https://www.scrapethissite.com/pages/forms/?page_num=14,Washington Capitals,0.476,39,2002
-29,213,184,35,8,https://www.scrapethissite.com/pages/forms/?page_num=14,Mighty Ducks of Anaheim,0.354,29,2003
-29,243,214,37,4,https://www.scrapethissite.com/pages/forms/?page_num=14,Atlanta Thrashers,0.402,33,2003
21,188,209,19,7,https://www.scrapethissite.com/pages/forms/?page_num=14,Boston Bruins,0.5,41,2003
-1,221,220,34,4,https://www.scrapethissite.com/pages/forms/?page_num=14,Buffalo Sabres,0.451,37,2003
24,176,200,30,3,https://www.scrapethissite.com/pages/forms/?page_num=14,Calgary Flames,0.512,42,2003
-37,209,172,34,6,https://www.scrapethissite.com/pages/forms/?page_num=14,Carolina Hurricanes,0.341,28,2003
-61,238,177,45,4,https://www.scrapethissite.com/pages/forms/?page_num=14,Columbus Blue Jackets,0.305,25,2003
-71,259,188,43,8,https://www.scrapethissite.com/pages/forms/?page_num=14,Chicago Blackhawks,0.244,20,2003
38,198,236,22,7,https://www.scrapethissite.com/pages/forms/?page_num=15,Colorado Avalanche,0.488,40,2003
19,175,194,26,2,https://www.scrapethissite.com/pages/forms/?page_num=15,Dallas Stars,0.5,41,2003
66,189,255,21,2,https://www.scrapethissite.com/pages/forms/?page_num=15,Detroit Red Wings,0.585,48,2003
13,208,221,29,5,https://www.scrapethissite.com/pages/forms/?page_num=15,Edmonton Oilers,0.439,36,2003
-33,221,188,35,4,https://www.scrapethissite.com/pages/forms/?page_num=15,Florida Panthers,0.341,28,2003
-12,217,205,29,9,https://www.scrapethissite.com/pages/forms/?page_num=15,Los Angeles Kings,0.341,28,2003
5,183,188,29,3,https://www.scrapethissite.com/pages/forms/?page_num=15,Minnesota Wild,0.366,30,2003
16,192,208,30,4,https://www.scrapethissite.com/pages/forms/?page_num=15,Montreal Canadiens,0.5,41,2003
-1,217,216,29,4,https://www.scrapethissite.com/pages/forms/?page_num=15,Nashville Predators,0.463,38,2003
49,164,213,25,2,https://www.scrapethissite.com/pages/forms/?page_num=15,New Jersey Devils,0.524,43,2003
27,210,237,29,4,https://www.scrapethissite.com/pages/forms/?page_num=15,New York Islanders,0.463,38,2003
-44,250,206,40,8,https://www.scrapethissite.com/pages/forms/?page_num=15,New York Rangers,0.329,27,2003
73,189,262,23,6,https://www.scrapethissite.com/pages/forms/?page_num=15,Ottawa Senators,0.524,43,2003
43,186,229,21,6,https://www.scrapethissite.com/pages/forms/?page_num=15,Philadelphia Flyers,0.488,40,2003
-57,245,188,36,6,https://www.scrapethissite.com/pages/forms/?page_num=15,Phoenix Coyotes,0.268,22,2003
-113,303,190,47,4,https://www.scrapethissite.com/pages/forms/?page_num=15,Pittsburgh Penguins,0.28,23,2003
36,183,219,21,6,https://www.scrapethissite.com/pages/forms/?page_num=15,San Jose Sharks,0.524,43,2003
-7,198,191,30,2,https://www.scrapethissite.com/pages/forms/?page_num=15,St. Louis Blues,0.476,39,2003
53,192,245,22,6,https://www.scrapethissite.com/pages/forms/?page_num=15,Tampa Bay Lightning,0.561,46,2003
38,204,242,24,3,https://www.scrapethissite.com/pages/forms/?page_num=15,Toronto Maple Leafs,0.549,45,2003
41,194,235,24,5,https://www.scrapethissite.com/pages/forms/?page_num=15,Vancouver Canucks,0.524,43,2003
-67,253,186,46,3,https://www.scrapethissite.com/pages/forms/?page_num=15,Washington Capitals,0.28,23,2003
25,229,254,27,12,https://www.scrapethissite.com/pages/forms/?page_num=15,Mighty Ducks of Anaheim,0.524,43,2005
6,275,281,33,8,https://www.scrapethissite.com/pages/forms/?page_num=15,Atlanta Thrashers,0.5,41,2005
-36,266,230,37,16,https://www.scrapethissite.com/pages/forms/?page_num=15,Boston Bruins,0.354,29,2005
42,239,281,24,6,https://www.scrapethissite.com/pages/forms/?page_num=16,Buffalo Sabres,0.634,52,2005
18,200,218,25,11,https://www.scrapethissite.com/pages/forms/?page_num=16,Calgary Flames,0.561,46,2005
34,260,294,22,8,https://www.scrapethissite.com/pages/forms/?page_num=16,Carolina Hurricanes,0.634,52,2005
-56,279,223,43,4,https://www.scrapethissite.com/pages/forms/?page_num=16,Columbus Blue Jackets,0.427,35,2005
-74,285,211,43,13,https://www.scrapethissite.com/pages/forms/?page_num=16,Chicago Blackhawks,0.317,26,2005
26,257,283,30,9,https://www.scrapethissite.com/pages/forms/?page_num=16,Colorado Avalanche,0.524,43,2005
47,218,265,23,6,https://www.scrapethissite.com/pages/forms/?page_num=16,Dallas Stars,0.646,53,2005
96,209,305,16,8,https://www.scrapethissite.com/pages/forms/?page_num=16,Detroit Red Wings,0.707,58,2005
5,251,256,28,13,https://www.scrapethissite.com/pages/forms/?page_num=16,Edmonton Oilers,0.5,41,2005
-17,257,240,34,11,https://www.scrapethissite.com/pages/forms/?page_num=16,Florida Panthers,0.451,37,2005
-21,270,249,35,5,https://www.scrapethissite.com/pages/forms/?page_num=16,Los Angeles Kings,0.512,42,2005
16,215,231,36,8,https://www.scrapethissite.com/pages/forms/?page_num=16,Minnesota Wild,0.463,38,2005
-4,247,243,31,9,https://www.scrapethissite.com/pages/forms/?page_num=16,Montreal Canadiens,0.512,42,2005
32,227,259,25,8,https://www.scrapethissite.com/pages/forms/?page_num=16,Nashville Predators,0.598,49,2005
13,229,242,27,9,https://www.scrapethissite.com/pages/forms/?page_num=16,New Jersey Devils,0.561,46,2005
-48,278,230,40,6,https://www.scrapethissite.com/pages/forms/?page_num=16,New York Islanders,0.439,36,2005
42,215,257,26,12,https://www.scrapethissite.com/pages/forms/?page_num=16,New York Rangers,0.537,44,2005
103,211,314,21,9,https://www.scrapethissite.com/pages/forms/?page_num=16,Ottawa Senators,0.634,52,2005
8,259,267,26,11,https://www.scrapethissite.com/pages/forms/?page_num=16,Philadelphia Flyers,0.549,45,2005
-25,271,246,39,5,https://www.scrapethissite.com/pages/forms/?page_num=16,Phoenix Coyotes,0.463,38,2005
-72,316,244,46,14,https://www.scrapethissite.com/pages/forms/?page_num=16,Pittsburgh Penguins,0.268,22,2005
24,242,266,27,11,https://www.scrapethissite.com/pages/forms/?page_num=16,San Jose Sharks,0.537,44,2005
-95,292,197,46,15,https://www.scrapethissite.com/pages/forms/?page_num=16,St. Louis Blues,0.256,21,2005
-8,260,252,33,6,https://www.scrapethissite.com/pages/forms/?page_num=16,Tampa Bay Lightning,0.524,43,2005
-13,270,257,33,8,https://www.scrapethissite.com/pages/forms/?page_num=16,Toronto Maple Leafs,0.5,41,2005
1,255,256,32,8,https://www.scrapethissite.com/pages/forms/?page_num=17,Vancouver Canucks,0.512,42,2005
-69,306,237,41,12,https://www.scrapethissite.com/pages/forms/?page_num=17,Washington Capitals,0.354,29,2005
50,208,258,20,14,https://www.scrapethissite.com/pages/forms/?page_num=17,Anaheim Ducks,0.585,48,2006
1,245,246,28,11,https://www.scrapethissite.com/pages/forms/?page_num=17,Atlanta Thrashers,0.524,43,2006
-70,289,219,41,6,https://www.scrapethissite.com/pages/forms/?page_num=17,Boston Bruins,0.427,35,2006
66,242,308,22,7,https://www.scrapethissite.com/pages/forms/?page_num=17,Buffalo Sabres,0.646,53,2006
32,226,258,29,10,https://www.scrapethissite.com/pages/forms/?page_num=17,Calgary Flames,0.524,43,2006
-12,253,241,34,8,https://www.scrapethissite.com/pages/forms/?page_num=17,Carolina Hurricanes,0.488,40,2006
-48,249,201,42,7,https://www.scrapethissite.com/pages/forms/?page_num=17,Columbus Blue Jackets,0.402,33,2006
-57,258,201,42,9,https://www.scrapethissite.com/pages/forms/?page_num=17,Chicago Blackhawks,0.378,31,2006
21,251,272,31,7,https://www.scrapethissite.com/pages/forms/?page_num=17,Colorado Avalanche,0.537,44,2006
29,197,226,25,7,https://www.scrapethissite.com/pages/forms/?page_num=17,Dallas Stars,0.61,50,2006
55,199,254,19,13,https://www.scrapethissite.com/pages/forms/?page_num=17,Detroit Red Wings,0.61,50,2006
-53,248,195,43,7,https://www.scrapethissite.com/pages/forms/?page_num=17,Edmonton Oilers,0.39,32,2006
-10,257,247,31,16,https://www.scrapethissite.com/pages/forms/?page_num=17,Florida Panthers,0.427,35,2006
-56,283,227,41,14,https://www.scrapethissite.com/pages/forms/?page_num=17,Los Angeles Kings,0.329,27,2006
44,191,235,26,8,https://www.scrapethissite.com/pages/forms/?page_num=17,Minnesota Wild,0.585,48,2006
-11,256,245,34,6,https://www.scrapethissite.com/pages/forms/?page_num=17,Montreal Canadiens,0.512,42,2006
60,212,272,23,8,https://www.scrapethissite.com/pages/forms/?page_num=17,Nashville Predators,0.622,51,2006
15,201,216,24,9,https://www.scrapethissite.com/pages/forms/?page_num=17,New Jersey Devils,0.598,49,2006
8,240,248,30,12,https://www.scrapethissite.com/pages/forms/?page_num=17,New York Islanders,0.488,40,2006
26,216,242,30,10,https://www.scrapethissite.com/pages/forms/?page_num=17,New York Rangers,0.512,42,2006
66,222,288,25,9,https://www.scrapethissite.com/pages/forms/?page_num=17,Ottawa Senators,0.585,48,2006
-89,303,214,48,12,https://www.scrapethissite.com/pages/forms/?page_num=17,Philadelphia Flyers,0.268,22,2006
-68,284,216,46,5,https://www.scrapethissite.com/pages/forms/?page_num=17,Phoenix Coyotes,0.378,31,2006
31,246,277,24,11,https://www.scrapethissite.com/pages/forms/?page_num=18,Pittsburgh Penguins,0.573,47,2006
59,199,258,26,5,https://www.scrapethissite.com/pages/forms/?page_num=18,San Jose Sharks,0.622,51,2006
-40,254,214,35,13,https://www.scrapethissite.com/pages/forms/?page_num=18,St. Louis Blues,0.415,34,2006
-8,261,253,33,5,https://www.scrapethissite.com/pages/forms/?page_num=18,Tampa Bay Lightning,0.537,44,2006
-11,269,258,31,11,https://www.scrapethissite.com/pages/forms/?page_num=18,Toronto Maple Leafs,0.488,40,2006
21,201,222,26,7,https://www.scrapethissite.com/pages/forms/?page_num=18,Vancouver Canucks,0.598,49,2006
-51,286,235,40,14,https://www.scrapethissite.com/pages/forms/?page_num=18,Washington Capitals,0.341,28,2006
14,191,205,27,8,https://www.scrapethissite.com/pages/forms/?page_num=18,Anaheim Ducks,0.573,47,2007
-56,272,216,40,8,https://www.scrapethissite.com/pages/forms/?page_num=18,Atlanta Thrashers,0.415,34,2007
-10,222,212,29,12,https://www.scrapethissite.com/pages/forms/?page_num=18,Boston Bruins,0.5,41,2007
13,242,255,31,12,https://www.scrapethissite.com/pages/forms/?page_num=18,Buffalo Sabres,0.476,39,2007
2,227,229,30,10,https://www.scrapethissite.com/pages/forms/?page_num=18,Calgary Flames,0.512,42,2007
3,249,252,33,6,https://www.scrapethissite.com/pages/forms/?page_num=18,Carolina Hurricanes,0.524,43,2007
-25,218,193,36,12,https://www.scrapethissite.com/pages/forms/?page_num=18,Columbus Blue Jackets,0.415,34,2007
4,235,239,34,8,https://www.scrapethissite.com/pages/forms/?page_num=18,Chicago Blackhawks,0.488,40,2007
12,219,231,31,7,https://www.scrapethissite.com/pages/forms/?page_num=18,Colorado Avalanche,0.537,44,2007
35,207,242,30,7,https://www.scrapethissite.com/pages/forms/?page_num=18,Dallas Stars,0.549,45,2007
73,184,257,21,7,https://www.scrapethissite.com/pages/forms/?page_num=18,Detroit Red Wings,0.659,54,2007
-16,251,235,35,6,https://www.scrapethissite.com/pages/forms/?page_num=18,Edmonton Oilers,0.5,41,2007
-10,226,216,35,9,https://www.scrapethissite.com/pages/forms/?page_num=18,Florida Panthers,0.463,38,2007
-35,266,231,43,7,https://www.scrapethissite.com/pages/forms/?page_num=18,Los Angeles Kings,0.39,32,2007
5,218,223,28,10,https://www.scrapethissite.com/pages/forms/?page_num=18,Minnesota Wild,0.537,44,2007
40,222,262,25,10,https://www.scrapethissite.com/pages/forms/?page_num=18,Montreal Canadiens,0.573,47,2007
1,229,230,32,9,https://www.scrapethissite.com/pages/forms/?page_num=18,Nashville Predators,0.5,41,2007
9,197,206,29,7,https://www.scrapethissite.com/pages/forms/?page_num=18,New Jersey Devils,0.561,46,2007
-49,243,194,38,9,https://www.scrapethissite.com/pages/forms/?page_num=19,New York Islanders,0.427,35,2007
14,199,213,27,13,https://www.scrapethissite.com/pages/forms/?page_num=19,New York Rangers,0.512,42,2007
14,247,261,31,8,https://www.scrapethissite.com/pages/forms/?page_num=19,Ottawa Senators,0.524,43,2007
15,233,248,29,11,https://www.scrapethissite.com/pages/forms/?page_num=19,Philadelphia Flyers,0.512,42,2007
-17,231,214,37,7,https://www.scrapethissite.com/pages/forms/?page_num=19,Phoenix Coyotes,0.463,38,2007
31,216,247,27,8,https://www.scrapethissite.com/pages/forms/?page_num=19,Pittsburgh Penguins,0.573,47,2007
29,193,222,23,10,https://www.scrapethissite.com/pages/forms/?page_num=19,San Jose Sharks,0.598,49,2007
-32,237,205,36,13,https://www.scrapethissite.com/pages/forms/?page_num=19,St. Louis Blues,0.402,33,2007
-44,267,223,42,9,https://www.scrapethissite.com/pages/forms/?page_num=19,Tampa Bay Lightning,0.378,31,2007
-29,260,231,35,11,https://www.scrapethissite.com/pages/forms/?page_num=19,Toronto Maple Leafs,0.439,36,2007
-2,215,213,33,10,https://www.scrapethissite.com/pages/forms/?page_num=19,Vancouver Canucks,0.476,39,2007
11,231,242,31,8,https://www.scrapethissite.com/pages/forms/?page_num=19,Washington Capitals,0.524,43,2007
7,238,245,33,7,https://www.scrapethissite.com/pages/forms/?page_num=19,Anaheim Ducks,0.512,42,2008
-23,280,257,41,6,https://www.scrapethissite.com/pages/forms/?page_num=19,Atlanta Thrashers,0.427,35,2008
78,196,274,19,10,https://www.scrapethissite.com/pages/forms/?page_num=19,Boston Bruins,0.646,53,2008
16,234,250,32,9,https://www.scrapethissite.com/pages/forms/?page_num=19,Buffalo Sabres,0.5,41,2008
6,248,254,30,6,https://www.scrapethissite.com/pages/forms/?page_num=19,Calgary Flames,0.561,46,2008
13,226,239,30,7,https://www.scrapethissite.com/pages/forms/?page_num=19,Carolina Hurricanes,0.549,45,2008
-4,230,226,31,10,https://www.scrapethissite.com/pages/forms/?page_num=19,Columbus Blue Jackets,0.5,41,2008
48,216,264,24,12,https://www.scrapethissite.com/pages/forms/?page_num=19,Chicago Blackhawks,0.561,46,2008
-58,257,199,45,5,https://www.scrapethissite.com/pages/forms/?page_num=19,Colorado Avalanche,0.39,32,2008
-27,257,230,35,11,https://www.scrapethissite.com/pages/forms/?page_num=19,Dallas Stars,0.439,36,2008
51,244,295,21,10,https://www.scrapethissite.com/pages/forms/?page_num=19,Detroit Red Wings,0.622,51,2008
-14,248,234,35,9,https://www.scrapethissite.com/pages/forms/?page_num=19,Edmonton Oilers,0.463,38,2008
3,231,234,30,11,https://www.scrapethissite.com/pages/forms/?page_num=19,Florida Panthers,0.5,41,2008
-27,234,207,37,11,https://www.scrapethissite.com/pages/forms/?page_num=20,Los Angeles Kings,0.415,34,2008
19,200,219,33,9,https://www.scrapethissite.com/pages/forms/?page_num=20,Minnesota Wild,0.488,40,2008
2,247,249,30,11,https://www.scrapethissite.com/pages/forms/?page_num=20,Montreal Canadiens,0.5,41,2008
-20,233,213,34,8,https://www.scrapethissite.com/pages/forms/?page_num=20,Nashville Predators,0.488,40,2008
35,209,244,27,4,https://www.scrapethissite.com/pages/forms/?page_num=20,New Jersey Devils,0.622,51,2008
-78,279,201,47,9,https://www.scrapethissite.com/pages/forms/?page_num=20,New York Islanders,0.317,26,2008
-8,218,210,30,9,https://www.scrapethissite.com/pages/forms/?page_num=20,New York Rangers,0.524,43,2008
-20,237,217,35,11,https://www.scrapethissite.com/pages/forms/?page_num=20,Ottawa Senators,0.439,36,2008
26,238,264,27,11,https://www.scrapethissite.com/pages/forms/?page_num=20,Philadelphia Flyers,0.537,44,2008
-44,252,208,39,7,https://www.scrapethissite.com/pages/forms/?page_num=20,Phoenix Coyotes,0.439,36,2008
25,239,264,28,9,https://www.scrapethissite.com/pages/forms/?page_num=20,Pittsburgh Penguins,0.549,45,2008
53,204,257,18,11,https://www.scrapethissite.com/pages/forms/?page_num=20,San Jose Sharks,0.646,53,2008
0,233,233,31,10,https://www.scrapethissite.com/pages/forms/?page_num=20,St. Louis Blues,0.5,41,2008
-69,279,210,40,18,https://www.scrapethissite.com/pages/forms/?page_num=20,Tampa Bay Lightning,0.293,24,2008
-43,293,250,35,13,https://www.scrapethissite.com/pages/forms/?page_num=20,Toronto Maple Leafs,0.415,34,2008
26,220,246,27,10,https://www.scrapethissite.com/pages/forms/?page_num=20,Vancouver Canucks,0.549,45,2008
27,245,272,24,8,https://www.scrapethissite.com/pages/forms/?page_num=20,Washington Capitals,0.61,50,2008
-13,251,238,32,11,https://www.scrapethissite.com/pages/forms/?page_num=20,Anaheim Ducks,0.476,39,2009
-22,256,234,34,13,https://www.scrapethissite.com/pages/forms/?page_num=20,Atlanta Thrashers,0.427,35,2009
6,200,206,30,13,https://www.scrapethissite.com/pages/forms/?page_num=20,Boston Bruins,0.476,39,2009
28,207,235,27,10,https://www.scrapethissite.com/pages/forms/?page_num=20,Buffalo Sabres,0.549,45,2009
-6,210,204,32,10,https://www.scrapethissite.com/pages/forms/?page_num=20,Calgary Flames,0.488,40,2009
-26,256,230,37,10,https://www.scrapethissite.com/pages/forms/?page_num=20,Carolina Hurricanes,0.427,35,2009
-43,259,216,35,15,https://www.scrapethissite.com/pages/forms/?page_num=20,Columbus Blue Jackets,0.39,32,2009
62,209,271,22,8,https://www.scrapethissite.com/pages/forms/?page_num=20,Chicago Blackhawks,0.634,52,2009
11,233,244,30,9,https://www.scrapethissite.com/pages/forms/?page_num=21,Colorado Avalanche,0.524,43,2009
-17,254,237,31,14,https://www.scrapethissite.com/pages/forms/?page_num=21,Dallas Stars,0.451,37,2009
13,216,229,24,14,https://www.scrapethissite.com/pages/forms/?page_num=21,Detroit Red Wings,0.537,44,2009
-70,284,214,47,8,https://www.scrapethissite.com/pages/forms/?page_num=21,Edmonton Oilers,0.329,27,2009
-36,244,208,37,13,https://www.scrapethissite.com/pages/forms/?page_num=21,Florida Panthers,0.39,32,2009
22,219,241,27,9,https://www.scrapethissite.com/pages/forms/?page_num=21,Los Angeles Kings,0.561,46,2009
-27,246,219,36,8,https://www.scrapethissite.com/pages/forms/?page_num=21,Minnesota Wild,0.463,38,2009
-6,223,217,33,10,https://www.scrapethissite.com/pages/forms/?page_num=21,Montreal Canadiens,0.476,39,2009
0,225,225,29,6,https://www.scrapethissite.com/pages/forms/?page_num=21,Nashville Predators,0.573,47,2009
31,191,222,27,7,https://www.scrapethissite.com/pages/forms/?page_num=21,New Jersey Devils,0.585,48,2009
-42,264,222,37,11,https://www.scrapethissite.com/pages/forms/?page_num=21,New York Islanders,0.415,34,2009
4,218,222,33,11,https://www.scrapethissite.com/pages/forms/?page_num=21,New York Rangers,0.463,38,2009
-13,238,225,32,6,https://www.scrapethissite.com/pages/forms/?page_num=21,Ottawa Senators,0.537,44,2009
11,225,236,35,6,https://www.scrapethissite.com/pages/forms/?page_num=21,Philadelphia Flyers,0.5,41,2009
23,202,225,25,7,https://www.scrapethissite.com/pages/forms/?page_num=21,Phoenix Coyotes,0.61,50,2009
20,237,257,28,7,https://www.scrapethissite.com/pages/forms/?page_num=21,Pittsburgh Penguins,0.573,47,2009
49,215,264,20,11,https://www.scrapethissite.com/pages/forms/?page_num=21,San Jose Sharks,0.622,51,2009
2,223,225,32,10,https://www.scrapethissite.com/pages/forms/?page_num=21,St. Louis Blues,0.488,40,2009
-43,260,217,36,12,https://www.scrapethissite.com/pages/forms/?page_num=21,Tampa Bay Lightning,0.415,34,2009
-53,267,214,38,14,https://www.scrapethissite.com/pages/forms/?page_num=21,Toronto Maple Leafs,0.366,30,2009
50,222,272,28,5,https://www.scrapethissite.com/pages/forms/?page_num=21,Vancouver Canucks,0.598,49,2009
85,233,318,15,13,https://www.scrapethissite.com/pages/forms/?page_num=21,Washington Capitals,0.659,54,2009
4,235,239,30,5,https://www.scrapethissite.com/pages/forms/?page_num=21,Anaheim Ducks,0.573,47,2010
-46,269,223,36,12,https://www.scrapethissite.com/pages/forms/?page_num=21,Atlanta Thrashers,0.415,34,2010
51,195,246,25,11,https://www.scrapethissite.com/pages/forms/?page_num=21,Boston Bruins,0.561,46,2010
16,229,245,29,10,https://www.scrapethissite.com/pages/forms/?page_num=22,Buffalo Sabres,0.524,43,2010
13,237,250,29,12,https://www.scrapethissite.com/pages/forms/?page_num=22,Calgary Flames,0.5,41,2010
-3,239,236,31,11,https://www.scrapethissite.com/pages/forms/?page_num=22,Carolina Hurricanes,0.488,40,2010
-43,258,215,35,13,https://www.scrapethissite.com/pages/forms/?page_num=22,Columbus Blue Jackets,0.415,34,2010
33,225,258,29,9,https://www.scrapethissite.com/pages/forms/?page_num=22,Chicago Blackhawks,0.537,44,2010
-61,288,227,44,8,https://www.scrapethissite.com/pages/forms/?page_num=22,Colorado Avalanche,0.366,30,2010
-6,233,227,29,11,https://www.scrapethissite.com/pages/forms/?page_num=22,Dallas Stars,0.512,42,2010
20,241,261,25,10,https://www.scrapethissite.com/pages/forms/?page_num=22,Detroit Red Wings,0.573,47,2010
-76,269,193,45,12,https://www.scrapethissite.com/pages/forms/?page_num=22,Edmonton Oilers,0.305,25,2010
-34,229,195,40,12,https://www.scrapethissite.com/pages/forms/?page_num=22,Florida Panthers,0.366,30,2010
21,198,219,30,6,https://www.scrapethissite.com/pages/forms/?page_num=22,Los Angeles Kings,0.561,46,2010
-27,233,206,35,8,https://www.scrapethissite.com/pages/forms/?page_num=22,Minnesota Wild,0.476,39,2010
7,209,216,30,8,https://www.scrapethissite.com/pages/forms/?page_num=22,Montreal Canadiens,0.537,44,2010
25,194,219,27,11,https://www.scrapethissite.com/pages/forms/?page_num=22,Nashville Predators,0.537,44,2010
-35,209,174,39,5,https://www.scrapethissite.com/pages/forms/?page_num=22,New Jersey Devils,0.463,38,2010
-35,264,229,39,13,https://www.scrapethissite.com/pages/forms/?page_num=22,New York Islanders,0.366,30,2010
35,198,233,33,5,https://www.scrapethissite.com/pages/forms/?page_num=22,New York Rangers,0.537,44,2010
-58,250,192,40,10,https://www.scrapethissite.com/pages/forms/?page_num=22,Ottawa Senators,0.39,32,2010
36,223,259,23,12,https://www.scrapethissite.com/pages/forms/?page_num=22,Philadelphia Flyers,0.573,47,2010
5,226,231,26,13,https://www.scrapethissite.com/pages/forms/?page_num=22,Phoenix Coyotes,0.524,43,2010
39,199,238,25,8,https://www.scrapethissite.com/pages/forms/?page_num=22,Pittsburgh Penguins,0.598,49,2010
35,213,248,25,9,https://www.scrapethissite.com/pages/forms/?page_num=22,San Jose Sharks,0.585,48,2010
6,234,240,33,11,https://www.scrapethissite.com/pages/forms/?page_num=22,St. Louis Blues,0.463,38,2010
7,240,247,25,11,https://www.scrapethissite.com/pages/forms/?page_num=22,Tampa Bay Lightning,0.561,46,2010
-33,251,218,34,11,https://www.scrapethissite.com/pages/forms/?page_num=22,Toronto Maple Leafs,0.451,37,2010
77,185,262,19,9,https://www.scrapethissite.com/pages/forms/?page_num=23,Vancouver Canucks,0.659,54,2010
27,197,224,23,11,https://www.scrapethissite.com/pages/forms/?page_num=23,Washington Capitals,0.585,48,2010
-27,231,204,36,12,https://www.scrapethissite.com/pages/forms/?page_num=23,Anaheim Ducks,0.415,34,2011
67,202,269,29,4,https://www.scrapethissite.com/pages/forms/?page_num=23,Boston Bruins,0.598,49,2011
-12,230,218,32,11,https://www.scrapethissite.com/pages/forms/?page_num=23,Buffalo Sabres,0.476,39,2011
-24,226,202,29,16,https://www.scrapethissite.com/pages/forms/?page_num=23,Calgary Flames,0.451,37,2011
-30,243,213,33,16,https://www.scrapethissite.com/pages/forms/?page_num=23,Carolina Hurricanes,0.402,33,2011
-60,262,202,46,7,https://www.scrapethissite.com/pages/forms/?page_num=23,Columbus Blue Jackets,0.354,29,2011
10,238,248,26,11,https://www.scrapethissite.com/pages/forms/?page_num=23,Chicago Blackhawks,0.549,45,2011
-12,220,208,35,6,https://www.scrapethissite.com/pages/forms/?page_num=23,Colorado Avalanche,0.5,41,2011
-11,222,211,35,5,https://www.scrapethissite.com/pages/forms/?page_num=23,Dallas Stars,0.512,42,2011
45,203,248,28,6,https://www.scrapethissite.com/pages/forms/?page_num=23,Detroit Red Wings,0.585,48,2011
-27,239,212,40,10,https://www.scrapethissite.com/pages/forms/?page_num=23,Edmonton Oilers,0.39,32,2011
-24,227,203,26,18,https://www.scrapethissite.com/pages/forms/?page_num=23,Florida Panthers,0.463,38,2011
15,179,194,27,15,https://www.scrapethissite.com/pages/forms/?page_num=23,Los Angeles Kings,0.488,40,2011
-49,226,177,36,11,https://www.scrapethissite.com/pages/forms/?page_num=23,Minnesota Wild,0.427,35,2011
-14,226,212,35,16,https://www.scrapethissite.com/pages/forms/?page_num=23,Montreal Canadiens,0.378,31,2011
27,210,237,26,8,https://www.scrapethissite.com/pages/forms/?page_num=23,Nashville Predators,0.585,48,2011
19,209,228,28,6,https://www.scrapethissite.com/pages/forms/?page_num=23,New Jersey Devils,0.585,48,2011
-52,255,203,37,11,https://www.scrapethissite.com/pages/forms/?page_num=23,New York Islanders,0.415,34,2011
39,187,226,24,7,https://www.scrapethissite.com/pages/forms/?page_num=23,New York Rangers,0.622,51,2011
9,240,249,31,10,https://www.scrapethissite.com/pages/forms/?page_num=23,Ottawa Senators,0.5,41,2011
32,232,264,26,9,https://www.scrapethissite.com/pages/forms/?page_num=23,Philadelphia Flyers,0.573,47,2011
12,204,216,27,13,https://www.scrapethissite.com/pages/forms/?page_num=23,Phoenix Coyotes,0.512,42,2011
61,221,282,25,6,https://www.scrapethissite.com/pages/forms/?page_num=23,Pittsburgh Penguins,0.622,51,2011
18,210,228,29,10,https://www.scrapethissite.com/pages/forms/?page_num=24,San Jose Sharks,0.524,43,2011
45,165,210,22,11,https://www.scrapethissite.com/pages/forms/?page_num=24,St. Louis Blues,0.598,49,2011
-46,281,235,36,8,https://www.scrapethissite.com/pages/forms/?page_num=24,Tampa Bay Lightning,0.463,38,2011
-33,264,231,37,10,https://www.scrapethissite.com/pages/forms/?page_num=24,Toronto Maple Leafs,0.427,35,2011
51,198,249,22,9,https://www.scrapethissite.com/pages/forms/?page_num=24,Vancouver Canucks,0.622,51,2011
-8,230,222,32,8,https://www.scrapethissite.com/pages/forms/?page_num=24,Washington Capitals,0.512,42,2011
-21,246,225,35,10,https://www.scrapethissite.com/pages/forms/?page_num=24,Winnipeg Jets,0.451,37,2011
